S No.,Gender,Category,Price,Brand ,Product,Reviews
1,Male,T-shirt,659,Levi's,Men Green Typography Printed T-shirt,Tshirt quality is best but buy a bigger size
2,Male,T-shirt,659,Levi's,Men Green Typography Printed T-shirt,Very nice stuff by levis.i really liked it for my husband.cool color
3,Male,T-shirt,659,Levi's,Men Green Typography Printed T-shirt,Nice
4,Male,T-shirt,659,Levi's,Men Green Typography Printed T-shirt,Gud
5,Male,T-shirt,659,Levi's,Men Green Typography Printed T-shirt,"T-shirt spreaded after one wear, poor fabric"
6,Male,T-shirt,659,Levi's,Men Green Typography Printed T-shirt,"Do not buy this product, very poor quality. Does not even look like original."
7,Male,T-shirt,659,Levi's,Men Green Typography Printed T-shirt,Fabric is not good
8,Male,T-shirt,659,Levi's,Men Green Typography Printed T-shirt,Nice fit. Love the color.
9,Male,T-shirt,659,Levi's,Men Green Typography Printed T-shirt,Color of the t-shirt is dull.
10,Male,T-shirt,659,Levi's,Men Green Typography Printed T-shirt,This very nice t-shirt. Colour and fabric is good. After washing colour doesn't looking dull.
11,Male,T-shirt,499,Levi's,Men Navy Blue Solid Round Neck Lounge T-shirts,I brought it for my husband. He loved it so much that now he has most all the available colors in his wardrobe.
12,Male,T-shirt,499,Levi's,Men Navy Blue Solid Round Neck Lounge T-shirts,I ordered this for my dad and he liked it so much. Good material and comfortable to wear. Go for it.👍👍
13,Male,T-shirt,499,Levi's,Men Navy Blue Solid Round Neck Lounge T-shirts,Great T-shirt. Same as shown in the pictures. Great comfort and perfect for summers.
14,Male,T-shirt,499,Levi's,Men Navy Blue Solid Round Neck Lounge T-shirts,"Perfect fit, as expected."
15,Male,T-shirt,499,Levi's,Men Navy Blue Solid Round Neck Lounge T-shirts,"There are some stains on tshirt, like when you hard iron on tshirt, its same like that, color is not navy, its not that dark, go for black or white, they are awesome."
16,Male,T-shirt,499,Levi's,Men Navy Blue Solid Round Neck Lounge T-shirts,Look like a old t shirt. less finishing item
17,Male,T-shirt,499,Levi's,Men Navy Blue Solid Round Neck Lounge T-shirts,Owsm quality nd nice fitting...!! As expected
18,Male,T-shirt,499,Levi's,Men Navy Blue Solid Round Neck Lounge T-shirts,Good fitting
19,Male,T-shirt,499,Levi's,Men Navy Blue Solid Round Neck Lounge T-shirts,"Fit not as expected, small for the given size"
20,Male,T-shirt,499,Levi's,Men Navy Blue Solid Round Neck Lounge T-shirts,"craap! pathetic clothe, I it's not Levi's. not a comfortable T-shirt at all."
21,Male,T-shirt,499,Levi's,Printed Men Round Neck Green T-Shirt,Just okay...not too good
22,Male,T-shirt,499,Levi's,Printed Men Round Neck Green T-Shirt,Good
23,Male,T-shirt,499,Levi's,Printed Men Round Neck Green T-Shirt,"Just okay, nothing special"
24,Male,T-shirt,499,Levi's,Printed Men Round Neck Green T-Shirt,Awesome
25,Male,T-shirt,499,Levi's,Printed Men Round Neck Green T-Shirt,Amazing..
26,Male,T-shirt,499,Levi's,Printed Men Round Neck Green T-Shirt,Good product
27,Male,T-shirt,499,Levi's,Printed Men Round Neck Green T-Shirt,Nice
28,Male,T-shirt,499,Levi's,Printed Men Round Neck Green T-Shirt,Very bad quality
29,Male,T-shirt,499,Levi's,Printed Men Round Neck Green T-Shirt,just ok
30,Male,T-shirt,499,Levi's,Printed Men Round Neck Green T-Shirt,Nice fit. Love the color.
31,Male,T-shirt,499,Levi's,Printed Men Round Neck Maroon T-Shirt,Very nice products 😊👍
32,Male,T-shirt,499,Levi's,Printed Men Round Neck Maroon T-Shirt,Love this....🔥💜
33,Male,T-shirt,499,Levi's,Printed Men Round Neck Maroon T-Shirt,I brought this t-shirt with the name of levi's in high price. But fitting and comfort was not good and also I didn't get quality which I was expecting.
34,Male,T-shirt,499,Levi's,Printed Men Round Neck Maroon T-Shirt,Looks elegant but as per levi standard quality could have been better..
35,Male,T-shirt,499,Levi's,Printed Men Round Neck Maroon T-Shirt,Good
36,Male,T-shirt,499,Levi's,Printed Men Round Neck Maroon T-Shirt,Nice product at this price
37,Male,T-shirt,499,Levi's,Printed Men Round Neck Maroon T-Shirt,"Product is more good, just go for it"
38,Male,T-shirt,499,Levi's,Printed Men Round Neck Maroon T-Shirt,Excellent product
39,Male,T-shirt,499,Levi's,Printed Men Round Neck Maroon T-Shirt,Very worst product
40,Male,T-shirt,499,Levi's,Printed Men Round Neck Maroon T-Shirt,Colour is not same as shown in picture...But over all nice t shirt
41,Male,T-shirt,849,Levi's,Solid Men Polo Neck Green T-Shirt,Nice one thanks 😊
42,Male,T-shirt,849,Levi's,Solid Men Polo Neck Green T-Shirt,Good
43,Male,T-shirt,849,Levi's,Solid Men Polo Neck Green T-Shirt,"Very nice looking, good product by levis and fast delivery by flipkat........ Ashwani Kumar"
44,Male,T-shirt,849,Levi's,Solid Men Polo Neck Green T-Shirt,Amazing....
45,Male,T-shirt,849,Levi's,Solid Men Polo Neck Green T-Shirt,Nice t shirt
46,Male,T-shirt,849,Levi's,Solid Men Polo Neck Green T-Shirt,Nice
47,Male,T-shirt,849,Levi's,Solid Men Polo Neck Green T-Shirt,"Looks ok, not as expected."
48,Male,T-shirt,849,Levi's,Solid Men Polo Neck Green T-Shirt,Nice quality
49,Male,T-shirt,849,Levi's,Solid Men Polo Neck Green T-Shirt,Just awesome.
50,Male,T-shirt,849,Levi's,Solid Men Polo Neck Green T-Shirt,Good product
51,Male,T-shirt,849,Levi's,Solid Men Polo Neck Red T-Shirt,Very good quality
52,Male,T-shirt,849,Levi's,Solid Men Polo Neck Red T-Shirt,Quality of the product is very gud.
53,Male,T-shirt,849,Levi's,Solid Men Polo Neck Red T-Shirt,I love this t shirt
54,Male,T-shirt,849,Levi's,Solid Men Polo Neck Red T-Shirt,Good 👕 fabrice wasn't as per the expectations but the color was amd fit as as expected
55,Male,T-shirt,849,Levi's,Solid Men Polo Neck Red T-Shirt,Superb tshirt. Loved it.
56,Male,T-shirt,849,Levi's,Solid Men Polo Neck Red T-Shirt,"Genuine Product, good quality, as expected 👍"
57,Male,T-shirt,849,Levi's,Solid Men Polo Neck Red T-Shirt,"The material is just average. Shaping not good,"
58,Male,T-shirt,849,Levi's,Solid Men Polo Neck Red T-Shirt,I washed the dress and the colours started to fade
59,Male,T-shirt,849,Levi's,Solid Men Polo Neck Red T-Shirt,"Super fabric, nice fitting"
60,Male,T-shirt,849,Levi's,Solid Men Polo Neck Red T-Shirt,Superb quality no color fade
61,Male,T-shirt,849,Levi's,Solid Men Polo Neck Green T-Shirt,Awesome product
62,Male,T-shirt,849,Levi's,Solid Men Polo Neck Green T-Shirt,Bad quality. Looking too old
63,Male,T-shirt,849,Levi's,Solid Men Polo Neck Green T-Shirt,Very bad quality material.
64,Male,T-shirt,849,Levi's,Solid Men Polo Neck Green T-Shirt,Very good
65,Male,T-shirt,849,Levi's,Solid Men Polo Neck Green T-Shirt,Bad
66,Male,T-shirt,849,Levi's,Solid Men Polo Neck Green T-Shirt,I gifted to my brother he liked the most thank you flipkart
67,Male,T-shirt,849,Levi's,Solid Men Polo Neck Green T-Shirt,This is not good and not good quality😔😔
68,Male,T-shirt,849,Levi's,Solid Men Polo Neck Green T-Shirt,Quality super
69,Male,T-shirt,849,Levi's,Solid Men Polo Neck Green T-Shirt,Ok not as expected
70,Male,T-shirt,849,Levi's,Solid Men Polo Neck Green T-Shirt,Very bad quality
71,Male,T-shirt,1049,Levi's,Printed Men Polo Neck White T-Shirt,Good quality for the price.
72,Male,T-shirt,1049,Levi's,Printed Men Polo Neck White T-Shirt,Nice
73,Male,T-shirt,1049,Levi's,Printed Men Polo Neck White T-Shirt,Awesome
74,Male,T-shirt,1049,Levi's,Printed Men Polo Neck White T-Shirt,Good product👍👍
75,Male,T-shirt,1049,Levi's,Printed Men Polo Neck White T-Shirt,Fantastic quality very impressive. Thank you flipkart 😍
76,Male,T-shirt,1049,Levi's,Printed Men Polo Neck White T-Shirt,Good Product
77,Male,T-shirt,1049,Levi's,Printed Men Polo Neck White T-Shirt,Good product
78,Male,T-shirt,1049,Levi's,Printed Men Polo Neck White T-Shirt,Loved it
79,Male,T-shirt,1049,Levi's,Printed Men Polo Neck White T-Shirt,Nice fabric
80,Male,T-shirt,1049,Levi's,Printed Men Polo Neck White T-Shirt,Loved the fit
81,Male,T-shirt,1367,Levi's,Striped Men Polo Neck Dark Blue T-Shirt,Very fast delivery and very nice product 👌👍
82,Male,T-shirt,1367,Levi's,Striped Men Polo Neck Dark Blue T-Shirt,Good product
83,Male,T-shirt,1367,Levi's,Striped Men Polo Neck Dark Blue T-Shirt,Too thick material....not for summer i guess.
84,Male,T-shirt,1367,Levi's,Striped Men Polo Neck Dark Blue T-Shirt,product is good but size chart & actual size is diffrent
85,Male,T-shirt,1367,Levi's,Striped Men Polo Neck Dark Blue T-Shirt,Excellent product.
86,Male,T-shirt,1367,Levi's,Striped Men Polo Neck Dark Blue T-Shirt,perfect fit... awesome levies... thanks
87,Male,T-shirt,1367,Levi's,Striped Men Polo Neck Dark Blue T-Shirt,very good product fitting and quality 💪
88,Male,T-shirt,1367,Levi's,Striped Men Polo Neck Dark Blue T-Shirt,Nice
89,Male,T-shirt,1367,Levi's,Striped Men Polo Neck Dark Blue T-Shirt,Perfect fit
90,Male,T-shirt,1367,Levi's,Striped Men Polo Neck Dark Blue T-Shirt,Good choice to gift someone 
91,Male,T-shirt,1583,Levi's,Solid Men Polo Neck Blue T-Shirt,Good material
92,Male,T-shirt,1583,Levi's,Solid Men Polo Neck Blue T-Shirt,No good quality
93,Male,T-shirt,1583,Levi's,Solid Men Polo Neck Blue T-Shirt,Good
94,Male,T-shirt,1583,Levi's,Solid Men Polo Neck Blue T-Shirt,worst
95,Male,T-shirt,1583,Levi's,Solid Men Polo Neck Blue T-Shirt,Good
96,Male,T-shirt,1583,Levi's,Solid Men Polo Neck Blue T-Shirt,"Not so good as per price, very bad"
97,Male,T-shirt,1583,Levi's,Solid Men Polo Neck Blue T-Shirt,Comfortable but not worth the money
98,Male,T-shirt,1583,Levi's,Solid Men Polo Neck Blue T-Shirt,perfect fit
99,Male,T-shirt,1583,Levi's,Solid Men Polo Neck Blue T-Shirt,didn't liked it
100,Male,T-shirt,1583,Levi's,Solid Men Polo Neck Blue T-Shirt,color too dark
101,Male,T-shirt,1253,Levi's,Printed Men Polo Neck Reversible Green T-Shirt,Very nice product
102,Male,T-shirt,1253,Levi's,Printed Men Polo Neck Reversible Green T-Shirt,Very good
103,Male,T-shirt,1253,Levi's,Printed Men Polo Neck Reversible Green T-Shirt,Colour is just fade
104,Male,T-shirt,1253,Levi's,Printed Men Polo Neck Reversible Green T-Shirt,Vry nice
105,Male,T-shirt,1253,Levi's,Printed Men Polo Neck Reversible Green T-Shirt,Super
106,Male,T-shirt,1253,Levi's,Printed Men Polo Neck Reversible Green T-Shirt,Good one my father loved it.
107,Male,T-shirt,1253,Levi's,Printed Men Polo Neck Reversible Green T-Shirt,Good product
108,Male,T-shirt,1253,Levi's,Printed Men Polo Neck Reversible Green T-Shirt,Very good
109,Male,T-shirt,1253,Levi's,Printed Men Polo Neck Reversible Green T-Shirt,Good feel
110,Male,T-shirt,1253,Levi's,Printed Men Polo Neck Reversible Green T-Shirt,my brother liked it very much
111,Male,T-shirt,1319,Levi's,Striped Men Polo Neck White T-Shirt,Very nice
112,Male,T-shirt,1319,Levi's,Striped Men Polo Neck White T-Shirt,Nice one
113,Male,T-shirt,1319,Levi's,Striped Men Polo Neck White T-Shirt,Satisfactory product n delivery boy 👦is very nice worthy product
114,Male,T-shirt,1319,Levi's,Striped Men Polo Neck White T-Shirt,An average cloth.Yeah!! It's an original item but colour got cloudy after 3rd wash ..
115,Male,T-shirt,1319,Levi's,Striped Men Polo Neck White T-Shirt,Excellent T-shirt
116,Male,T-shirt,1319,Levi's,Striped Men Polo Neck White T-Shirt,Good fiting
117,Male,T-shirt,1319,Levi's,Striped Men Polo Neck White T-Shirt,Bad quality
118,Male,T-shirt,1319,Levi's,Striped Men Polo Neck White T-Shirt,Fabulous
119,Male,T-shirt,1319,Levi's,Striped Men Polo Neck White T-Shirt,Excellent
120,Male,T-shirt,1319,Levi's,Striped Men Polo Neck White T-Shirt,Nice cloth material 👌.. Comfortable to Wear.. Colour mind blowing..
121,Male,T-shirt,519,METRONAUT ,Printed Men Polo Neck Blue T-Shirt,Nice T-shirts
122,Male,T-shirt,519,METRONAUT ,Printed Men Polo Neck Blue T-Shirt,Excellent and best product 👍👍👍
123,Male,T-shirt,519,METRONAUT ,Printed Men Polo Neck Blue T-Shirt,Nice/comfortable/Fit/value for money
124,Male,T-shirt,519,METRONAUT ,Printed Men Polo Neck Blue T-Shirt,Wonderful ❣️
125,Male,T-shirt,519,METRONAUT ,Printed Men Polo Neck Blue T-Shirt,Nice product
126,Male,T-shirt,519,METRONAUT ,Printed Men Polo Neck Blue T-Shirt,Excellent
127,Male,T-shirt,519,METRONAUT ,Printed Men Polo Neck Blue T-Shirt,good quality
128,Male,T-shirt,519,METRONAUT ,Printed Men Polo Neck Blue T-Shirt,Nice one 👍
129,Male,T-shirt,519,METRONAUT ,Printed Men Polo Neck Blue T-Shirt,value for money
130,Male,T-shirt,519,METRONAUT ,Printed Men Polo Neck Blue T-Shirt,Nice good quality
131,Male,T-shirt,545,METRONAUT ,Printed Men Polo Neck Dark Green T-Shirt,Quality assured. Nice looking on me.
132,Male,T-shirt,545,METRONAUT ,Printed Men Polo Neck Dark Green T-Shirt,Awesome 😍
133,Male,T-shirt,545,METRONAUT ,Printed Men Polo Neck Dark Green T-Shirt,Good
134,Male,T-shirt,545,METRONAUT ,Printed Men Polo Neck Dark Green T-Shirt,Nice Tshirt I am very happy and I am Fully satisfied for This Brand 🔥🔥❤️😍😍
135,Male,T-shirt,545,METRONAUT ,Printed Men Polo Neck Dark Green T-Shirt,Good quality product and looking great.
136,Male,T-shirt,545,METRONAUT ,Printed Men Polo Neck Dark Green T-Shirt,Good quality and looking great
137,Male,T-shirt,545,METRONAUT ,Printed Men Polo Neck Dark Green T-Shirt,Looking wise good T-shirt ...Fabric is slightly different from pic...But in this price it's good deal...Over all beautiful tshirt
138,Male,T-shirt,545,METRONAUT ,Printed Men Polo Neck Dark Green T-Shirt,Not bad
139,Male,T-shirt,545,METRONAUT ,Printed Men Polo Neck Dark Green T-Shirt,Good one
140,Male,T-shirt,545,METRONAUT ,Printed Men Polo Neck Dark Green T-Shirt,It's good tshirt and material is also good.. the color is slightly dark than the picture.. that's y i give 4 stars
141,Male,T-shirt,493,METRONAUT ,Printed Men Polo Neck Maroon T-Shirt,Very nice
142,Male,T-shirt,493,METRONAUT ,Printed Men Polo Neck Maroon T-Shirt,"Packing was very worst, but quality was good"
143,Male,T-shirt,493,METRONAUT ,Printed Men Polo Neck Maroon T-Shirt,nice
144,Male,T-shirt,493,METRONAUT ,Printed Men Polo Neck Maroon T-Shirt,Best n good quality ..Must buy it
145,Male,T-shirt,493,METRONAUT ,Printed Men Polo Neck Maroon T-Shirt,Meterial is okay not bad but colour is osm
146,Male,T-shirt,493,METRONAUT ,Printed Men Polo Neck Maroon T-Shirt,Awesome good fitting good fabric
147,Male,T-shirt,493,METRONAUT ,Printed Men Polo Neck Maroon T-Shirt,Meterial waterdamaged
148,Male,T-shirt,493,METRONAUT ,Printed Men Polo Neck Maroon T-Shirt,Veri nice product.. 💕
149,Male,T-shirt,493,METRONAUT ,Printed Men Polo Neck Maroon T-Shirt,Worst product
150,Male,T-shirt,493,METRONAUT ,Printed Men Polo Neck Maroon T-Shirt,"Very nice fabric ,fully sstretchable , colour Z Black ,size very good"
151,Male,T-shirt,509,METRONAUT ,Printed Men Polo Neck Dark Blue T-Shirt,Very very good.satisfied
152,Male,T-shirt,509,METRONAUT ,Printed Men Polo Neck Dark Blue T-Shirt,"When washed, the tshirt becomes dull and colorless......"
153,Male,T-shirt,509,METRONAUT ,Printed Men Polo Neck Dark Blue T-Shirt,"Very dispointing deal,after one wash colour completely shading.return period over so,I used this t shirt for floor cleaning."
154,Male,T-shirt,509,METRONAUT ,Printed Men Polo Neck Dark Blue T-Shirt,Good
155,Male,T-shirt,509,METRONAUT ,Printed Men Polo Neck Dark Blue T-Shirt,Super quality
156,Male,T-shirt,509,METRONAUT ,Printed Men Polo Neck Dark Blue T-Shirt,Coolor colour fades after 1 wash itself
157,Male,T-shirt,509,METRONAUT ,Printed Men Polo Neck Dark Blue T-Shirt,Good prodoct
158,Male,T-shirt,509,METRONAUT ,Printed Men Polo Neck Dark Blue T-Shirt,Super quality T-shirt
159,Male,T-shirt,509,METRONAUT ,Printed Men Polo Neck Dark Blue T-Shirt,Bad quality
160,Male,T-shirt,509,METRONAUT ,Printed Men Polo Neck Dark Blue T-Shirt,Need Better quality and colour
161,Male,T-shirt,1049,ADIDAS,Striped Men Round Neck Black T-Shirt,Without thinking go for it
162,Male,T-shirt,1049,ADIDAS,Striped Men Round Neck Black T-Shirt,Very nice
163,Male,T-shirt,1049,ADIDAS,Striped Men Round Neck Black T-Shirt,awsome product
164,Male,T-shirt,1049,ADIDAS,Striped Men Round Neck Black T-Shirt,Very poor product
165,Male,T-shirt,1049,ADIDAS,Striped Men Round Neck Black T-Shirt,Awesome fabric quality
166,Male,T-shirt,1049,ADIDAS,Striped Men Round Neck Black T-Shirt,Good! Value for money
167,Male,T-shirt,1049,ADIDAS,Striped Men Round Neck Black T-Shirt,Fitting problem I faced..
168,Male,T-shirt,1049,ADIDAS,Striped Men Round Neck Black T-Shirt,Worth to buy
169,Male,T-shirt,1049,ADIDAS,Striped Men Round Neck Black T-Shirt,Quality is not good
170,Male,T-shirt,1049,ADIDAS,Striped Men Round Neck Black T-Shirt,No doubt ...Go for it
171,Male,T-shirt,1049,ADIDAS,Solid Men Polo Neck Red T-Shirt,Good service by flipcart
172,Male,T-shirt,1049,ADIDAS,Solid Men Polo Neck Red T-Shirt,"Honestly at this price point its a terrific purchase , cloth quality is good and did not fade or loose color ."
173,Male,T-shirt,1049,ADIDAS,Solid Men Polo Neck Red T-Shirt,Fiting is not that good
174,Male,T-shirt,1049,ADIDAS,Solid Men Polo Neck Red T-Shirt,Awesome t shirt. Tysm Flipkart 🙌🏻😇💫
175,Male,T-shirt,1049,ADIDAS,Solid Men Polo Neck Red T-Shirt,Neither fabric nor size is good
176,Male,T-shirt,1049,ADIDAS,Solid Men Polo Neck Red T-Shirt,Product is good but The size is really larger.
177,Male,T-shirt,1049,ADIDAS,Solid Men Polo Neck Red T-Shirt,Original product with cheap price
178,Male,T-shirt,1049,ADIDAS,Solid Men Polo Neck Red T-Shirt,This is awesome.
179,Male,T-shirt,1049,ADIDAS,Solid Men Polo Neck Red T-Shirt,Very good product
180,Male,T-shirt,1049,ADIDAS,Solid Men Round Neck White T-Shirt,❤ loved it Adidas ❤
181,Male,T-shirt,1049,ADIDAS,Solid Men Round Neck White T-Shirt,The quality of the product is too good. Fabric is awesome
182,Male,T-shirt,1049,ADIDAS,Solid Men Round Neck White T-Shirt,loved it.. go for it..
183,Male,T-shirt,1049,ADIDAS,Solid Men Round Neck White T-Shirt,Cotton quality is also good
184,Male,T-shirt,1049,ADIDAS,Solid Men Round Neck White T-Shirt,Best T-shirt ever ❤😍
185,Male,T-shirt,1049,ADIDAS,Solid Men Round Neck White T-Shirt,Great product to buy
186,Male,T-shirt,1049,ADIDAS,Solid Men Round Neck White T-Shirt,Tshirt was good but bit loss
187,Male,T-shirt,1049,ADIDAS,Solid Men Round Neck White T-Shirt,"It's of good fabric and breathable, the length is also quite good."
188,Male,T-shirt,1049,ADIDAS,Solid Men Round Neck White T-Shirt,The product is worse… in the first wash it’s fading colour 😤
189,Male,T-shirt,1049,ADIDAS,Solid Men Round Neck White T-Shirt,Very bad quality 🖤
190,Male,T-shirt,1049,ADIDAS,Solid Men Round Neck White T-Shirt,Good one
191,Male,T-shirt,1049,ADIDAS,Sports Men Round Neck Grey T-Shirt,Looks good but to be honest not value for money?. I feel so uncomfortable while sweating at gym
192,Male,T-shirt,1049,ADIDAS,Sports Men Round Neck Grey T-Shirt,Good
193,Male,T-shirt,1049,ADIDAS,Sports Men Round Neck Grey T-Shirt,The quality of the shirt is pretty best... I gave 3/3 stars for quality and price for money but the size they have given for XL is truly bad... I ordered XL t shirt but they gave such a bigger than XL that's why reduced 2 stars and give 0/2
194,Male,T-shirt,1049,ADIDAS,Sports Men Round Neck Grey T-Shirt,Good quality
195,Male,T-shirt,1049,ADIDAS,Sports Men Round Neck Grey T-Shirt,Fabric quality n fitting is perfect!
196,Male,T-shirt,1049,ADIDAS,Sports Men Round Neck Grey T-Shirt,Very bad quality product
197,Male,T-shirt,1049,ADIDAS,Sports Men Round Neck Grey T-Shirt,Totally useless product
198,Male,T-shirt,1049,ADIDAS,Sports Men Round Neck Grey T-Shirt,"Very nice tshirt. Perfect fit, a few people might feel somewhat lose, but that's style and it looks cool on you."
199,Male,T-shirt,1049,ADIDAS,Sports Men Round Neck Grey T-Shirt,"Good product ,bit price is a little high"
200,Male,T-shirt,1049,ADIDAS,Sports Men Round Neck Grey T-Shirt,Best
201,Male,T-shirt,1034,REEBOK,Self Design Men Round Neck Grey T-Shirt,Good product
202,Male,T-shirt,1034,REEBOK,Self Design Men Round Neck Grey T-Shirt,Quality was not as expected as compared to price
203,Male,T-shirt,1034,REEBOK,Self Design Men Round Neck Grey T-Shirt,Good for me
204,Male,T-shirt,1034,REEBOK,Self Design Men Round Neck Grey T-Shirt,Very poor quality product
205,Male,T-shirt,1034,REEBOK,Self Design Men Round Neck Grey T-Shirt,Bad product
206,Male,T-shirt,1034,REEBOK,Self Design Men Round Neck Grey T-Shirt,Good job
207,Male,T-shirt,1034,REEBOK,Self Design Men Round Neck Grey T-Shirt,Not good
208,Male,T-shirt,1034,REEBOK,Self Design Men Round Neck Grey T-Shirt,Nice very soft I like this
209,Male,T-shirt,1034,REEBOK,Self Design Men Round Neck Grey T-Shirt,Good products
210,Male,T-shirt,1034,REEBOK,Self Design Men Round Neck Grey T-Shirt,Great product
211,Male,T-shirt,903,HRX ,Self Design Men Polo Neck Red T-Shirt,It's just ok ok product..
212,Male,T-shirt,903,HRX ,Self Design Men Polo Neck Red T-Shirt,The fabric is polyester not cotton..but the fitting and dress colour is really good.. suggesting to buy
213,Male,T-shirt,903,HRX ,Self Design Men Polo Neck Red T-Shirt,Just Excellent
214,Male,T-shirt,903,HRX ,Self Design Men Polo Neck Red T-Shirt,"Clothes quality is ok compair with price , I think shiv naresh's dry fit tshrt have better quality products than hrx"
215,Male,T-shirt,903,HRX ,Self Design Men Polo Neck Red T-Shirt,Best awesome you can take it's
216,Male,T-shirt,903,HRX ,Self Design Men Polo Neck Red T-Shirt,High quality and same as in image.
217,Male,T-shirt,903,HRX ,Self Design Men Polo Neck Red T-Shirt,Nice T-shirt good fitting but as compared to the price of the product not worth it.
218,Male,T-shirt,903,HRX ,Self Design Men Polo Neck Red T-Shirt,Very nice in this price
219,Male,T-shirt,903,HRX ,Self Design Men Polo Neck Red T-Shirt,Nice tshirt but buy a big size than normal
220,Male,T-shirt,903,HRX ,Self Design Men Polo Neck Red T-Shirt,Good quality
221,Male,T-shirt,1019,U.S. POLO ASSN. ,Striped Men Polo Neck White T-Shirt,Awesome quality
222,Male,T-shirt,1019,U.S. POLO ASSN. ,Striped Men Polo Neck White T-Shirt,up to the mark
223,Male,T-shirt,1019,U.S. POLO ASSN. ,Striped Men Polo Neck White T-Shirt,Good quality
224,Male,T-shirt,1019,U.S. POLO ASSN. ,Striped Men Polo Neck White T-Shirt,Not bad
225,Male,T-shirt,1019,U.S. POLO ASSN. ,Striped Men Polo Neck White T-Shirt,Very nice
226,Male,T-shirt,1019,U.S. POLO ASSN. ,Striped Men Polo Neck White T-Shirt,"Nice product, Fabric is also good, same as shown in mage"
227,Male,T-shirt,1019,U.S. POLO ASSN. ,Striped Men Polo Neck White T-Shirt,Perfect fit as mentioned in the image size
228,Male,T-shirt,1019,U.S. POLO ASSN. ,Striped Men Polo Neck White T-Shirt,Worth for the amount and quality is good
229,Male,T-shirt,1019,U.S. POLO ASSN. ,Striped Men Polo Neck White T-Shirt,Good quality 🙂 good comfortable
230,Male,T-shirt,1019,U.S. POLO ASSN. ,Striped Men Polo Neck White T-Shirt,Superb quality
231,Male,T-shirt,945,U.S. POLO ASSN. ,Color Block Men Polo Neck Blue T-Shirt,Good quality T shirt
232,Male,T-shirt,945,U.S. POLO ASSN. ,Color Block Men Polo Neck Blue T-Shirt,Awesome prpduct
233,Male,T-shirt,945,U.S. POLO ASSN. ,Color Block Men Polo Neck Blue T-Shirt,Good quality and fits well. Met my expectations.
234,Male,T-shirt,945,U.S. POLO ASSN. ,Color Block Men Polo Neck Blue T-Shirt,Very good 👍👍👍👍👍👍
235,Male,T-shirt,945,U.S. POLO ASSN. ,Color Block Men Polo Neck Blue T-Shirt,Excellent
236,Male,T-shirt,945,U.S. POLO ASSN. ,Color Block Men Polo Neck Blue T-Shirt,Good quality
237,Male,T-shirt,945,U.S. POLO ASSN. ,Color Block Men Polo Neck Blue T-Shirt,Colour damage
238,Male,T-shirt,945,U.S. POLO ASSN. ,Color Block Men Polo Neck Blue T-Shirt,"Comfortable, genuine quality"
239,Male,T-shirt,945,U.S. POLO ASSN. ,Color Block Men Polo Neck Blue T-Shirt,Color faded and the white part is now all colored
240,Male,T-shirt,945,U.S. POLO ASSN. ,Color Block Men Polo Neck Blue T-Shirt,Nice t shirt excellent fast delivered Flipkart
241,Male,T-shirt,951,U.S. POLO ASSN. ,Printed Men Polo Neck Black T-Shirt,Must buy
242,Male,T-shirt,951,U.S. POLO ASSN. ,Printed Men Polo Neck Black T-Shirt,T-Shirt quality is good. But order next size then your regular fitting. (If ur size is small then order medium size) Look is charming after wearing. Try to purchase shirt in sell so you will get good quality shirt in valuable cost.
243,Male,T-shirt,951,U.S. POLO ASSN. ,Printed Men Polo Neck Black T-Shirt,Nice
244,Male,T-shirt,951,U.S. POLO ASSN. ,Printed Men Polo Neck Black T-Shirt,Fantastic... Guys go for it.
245,Male,T-shirt,951,U.S. POLO ASSN. ,Printed Men Polo Neck Black T-Shirt,Product is Very Bad 90%
246,Male,T-shirt,951,U.S. POLO ASSN. ,Printed Men Polo Neck Black T-Shirt,I love it quality is good super
247,Male,T-shirt,951,U.S. POLO ASSN. ,Printed Men Polo Neck Black T-Shirt,Good one
248,Male,T-shirt,951,U.S. POLO ASSN. ,Printed Men Polo Neck Black T-Shirt,Good
249,Male,T-shirt,951,U.S. POLO ASSN. ,Printed Men Polo Neck Black T-Shirt,Quality is a good and courier service is a best
250,Male,T-shirt,951,U.S. POLO ASSN. ,Printed Men Polo Neck Black T-Shirt,Nice one
251,Male,T-shirt,951,U.S. POLO ASSN. ,Printed Men Polo Neck Black T-Shirt,It's fabric is very good and comfortable
252,Male,T-shirt,1004,U.S. POLO ASSN. ,Striped Men Polo Neck Multicolor T-Shirt,I dint expect that I will get this product at this affordable price I was sceptical little bit but once I received it I came to know that it's genuine. Quality wise it's good I'm happy finally. Thanx to flipkart ☺️
253,Male,T-shirt,1004,U.S. POLO ASSN. ,Striped Men Polo Neck Multicolor T-Shirt,Good Quality
254,Male,T-shirt,1004,U.S. POLO ASSN. ,Striped Men Polo Neck Multicolor T-Shirt,"It's is good,super tshirt"
255,Male,T-shirt,1004,U.S. POLO ASSN. ,Striped Men Polo Neck Multicolor T-Shirt,Good Quality
256,Male,T-shirt,1004,U.S. POLO ASSN. ,Striped Men Polo Neck Multicolor T-Shirt,
257,Male,T-shirt,1004,U.S. POLO ASSN. ,Striped Men Polo Neck Multicolor T-Shirt,loved it
258,Male,T-shirt,1004,U.S. POLO ASSN. ,Striped Men Polo Neck Multicolor T-Shirt,Good
259,Male,T-shirt,1004,U.S. POLO ASSN. ,Striped Men Polo Neck Multicolor T-Shirt,Excellent
260,Male,T-shirt,1004,U.S. POLO ASSN. ,Striped Men Polo Neck Multicolor T-Shirt,Thank you
261,Male,T-shirt,943,U.S. POLO ASSN. ,"Self Design, Solid Men Polo Neck Maroon T-Shirt",value for money..
262,Male,T-shirt,943,U.S. POLO ASSN. ,"Self Design, Solid Men Polo Neck Maroon T-Shirt",Very good product
263,Male,T-shirt,943,U.S. POLO ASSN. ,"Self Design, Solid Men Polo Neck Maroon T-Shirt",excellent
264,Male,T-shirt,943,U.S. POLO ASSN. ,"Self Design, Solid Men Polo Neck Maroon T-Shirt",nice... color.
265,Male,T-shirt,943,U.S. POLO ASSN. ,"Self Design, Solid Men Polo Neck Maroon T-Shirt",comfortable autumn wear.
266,Male,T-shirt,943,U.S. POLO ASSN. ,"Self Design, Solid Men Polo Neck Maroon T-Shirt",the product doesn't look brand new like hpw its looks when we purchase from outlet but it looks fine.
267,Male,T-shirt,943,U.S. POLO ASSN. ,"Self Design, Solid Men Polo Neck Maroon T-Shirt",colour faded after washing....
268,Male,T-shirt,943,U.S. POLO ASSN. ,"Self Design, Solid Men Polo Neck Maroon T-Shirt",good looking
269,Male,T-shirt,943,U.S. POLO ASSN. ,"Self Design, Solid Men Polo Neck Maroon T-Shirt",good .. comfortable..and looks good..
270,Male,T-shirt,943,U.S. POLO ASSN. ,"Self Design, Solid Men Polo Neck Maroon T-Shirt",colour faded after washing....
271,Male,T-shirt,854,U.S. POLO ASSN. ,Solid Men Polo Neck Black T-Shirt,Good quality.
272,Male,T-shirt,854,U.S. POLO ASSN. ,Solid Men Polo Neck Black T-Shirt,This product is very good and colour is looking nice.
273,Male,T-shirt,854,U.S. POLO ASSN. ,Solid Men Polo Neck Black T-Shirt,Very good product
274,Male,T-shirt,854,U.S. POLO ASSN. ,Solid Men Polo Neck Black T-Shirt,Good colour but quality is avrg
275,Male,T-shirt,854,U.S. POLO ASSN. ,Solid Men Polo Neck Black T-Shirt,Grt quality
276,Male,T-shirt,854,U.S. POLO ASSN. ,Solid Men Polo Neck Black T-Shirt,Avrg not so good
277,Male,T-shirt,854,U.S. POLO ASSN. ,Solid Men Polo Neck Black T-Shirt,Value of money..this is a best t shirt in my life..my fav t shirt.
278,Male,T-shirt,854,U.S. POLO ASSN. ,Solid Men Polo Neck Black T-Shirt,Quality is good .....no issues with size ..
279,Male,T-shirt,854,U.S. POLO ASSN. ,Solid Men Polo Neck Black T-Shirt,Product is ok ...but doesn't meet expectations
280,Male,T-shirt,854,U.S. POLO ASSN. ,Solid Men Polo Neck Black T-Shirt,thank you Flipkart this product value for money this product I love thankyou Flipkart
281,Male,T-shirt,1499,U.S. POLO ASSN. ,Solid Men Polo Neck Blue T-Shirt,"Very very pretty colour specially for wearing in daylight fitting is also good, fabric quality is always good of uspa clothes."
282,Male,T-shirt,1499,U.S. POLO ASSN. ,Solid Men Polo Neck Blue T-Shirt,super ? Quality cloth quality is awesome
283,Male,T-shirt,1499,U.S. POLO ASSN. ,Solid Men Polo Neck Blue T-Shirt,good product
284,Male,T-shirt,1499,U.S. POLO ASSN. ,Solid Men Polo Neck Blue T-Shirt,Sir I am very happy from the service of flipkart. 100 % original product by flipkart
285,Male,T-shirt,1499,U.S. POLO ASSN. ,Solid Men Polo Neck Blue T-Shirt,ITS REALLY ONE OF THE AWESOME PRODUCT I HAVE ORDERED. THE COLOUR IS ALSO TOO GOOD AND MATERIAL ALSO . THANK U FLIPKART AND US POLO..😄😄
286,Male,T-shirt,1499,U.S. POLO ASSN. ,Solid Men Polo Neck Blue T-Shirt,BEST COLOUR AND FABRIC QUALITY THUMBS UP FOR FAST DELIVERY
287,Male,T-shirt,1499,U.S. POLO ASSN. ,Solid Men Polo Neck Blue T-Shirt,nice product
288,Male,T-shirt,1499,U.S. POLO ASSN. ,Solid Men Polo Neck Blue T-Shirt,genuine product
289,Male,T-shirt,1499,U.S. POLO ASSN. ,Solid Men Polo Neck Blue T-Shirt,Too good quality......I luv it
290,Male,T-shirt,1499,U.S. POLO ASSN. ,Solid Men Polo Neck Blue T-Shirt,"Good, original, genuine product with good fit and quality....thnks"
291,Male,T-shirt,968,U.S. POLO ASSN. ,Striped Men Polo Neck Blue T-Shirt,Good. Comfortable to wear in summer as well
292,Male,T-shirt,968,U.S. POLO ASSN. ,Striped Men Polo Neck Blue T-Shirt,Awesome
293,Male,T-shirt,968,U.S. POLO ASSN. ,Striped Men Polo Neck Blue T-Shirt,Good product
294,Male,T-shirt,968,U.S. POLO ASSN. ,Striped Men Polo Neck Blue T-Shirt,Excellent product
295,Male,T-shirt,968,U.S. POLO ASSN. ,Striped Men Polo Neck Blue T-Shirt,Superb quality.... Not dought on us polo..... Best quality 👌
296,Male,T-shirt,968,U.S. POLO ASSN. ,Striped Men Polo Neck Blue T-Shirt,Really an amazing product !!
297,Male,T-shirt,968,U.S. POLO ASSN. ,Striped Men Polo Neck Blue T-Shirt,Look very old stuff... pls don't go for online
298,Male,T-shirt,968,U.S. POLO ASSN. ,Striped Men Polo Neck Blue T-Shirt,Very nice
299,Male,T-shirt,968,U.S. POLO ASSN. ,Striped Men Polo Neck Blue T-Shirt,Nice fitting
300,Male,T-shirt,968,U.S. POLO ASSN. ,Striped Men Polo Neck Blue T-Shirt,good
301,Male,T-shirt,2667,TOMMY HILFIGER ,Solid Men Polo Neck White T-Shirt,"Nice product, nice service"
302,Male,T-shirt,2667,TOMMY HILFIGER ,Solid Men Polo Neck White T-Shirt,"Awesome fit and looks very nice, good choice to go with this t.shirt. must buy :)"
303,Male,T-shirt,2667,TOMMY HILFIGER ,Solid Men Polo Neck White T-Shirt,Poor quality
304,Male,T-shirt,2667,TOMMY HILFIGER ,Solid Men Polo Neck White T-Shirt,Nice cloth and perfect fitting
305,Male,T-shirt,2667,TOMMY HILFIGER ,Solid Men Polo Neck White T-Shirt,I love Tommy 👌
306,Male,T-shirt,2667,TOMMY HILFIGER ,Solid Men Polo Neck White T-Shirt,Very come far table
307,Male,T-shirt,2667,TOMMY HILFIGER ,Solid Men Polo Neck White T-Shirt,It's for my brother and it's very nice he is very happy with this
308,Male,T-shirt,2667,TOMMY HILFIGER ,Solid Men Polo Neck White T-Shirt,High Class T-shirt... Perfect fit
309,Male,T-shirt,2667,TOMMY HILFIGER ,Solid Men Polo Neck White T-Shirt,Worth
310,Male,T-shirt,2667,TOMMY HILFIGER ,Solid Men Polo Neck White T-Shirt,looking great
311,Male,T-shirt,1399,TOMMY HILFIGER ,Striped Men Round Neck Multicolor T-Shirt,Top quality
312,Male,T-shirt,1399,TOMMY HILFIGER ,Striped Men Round Neck Multicolor T-Shirt,Nice
313,Male,T-shirt,1399,TOMMY HILFIGER ,Striped Men Round Neck Multicolor T-Shirt,Supb product
314,Male,T-shirt,1399,TOMMY HILFIGER ,Striped Men Round Neck Multicolor T-Shirt,Good
315,Male,T-shirt,1399,TOMMY HILFIGER ,Striped Men Round Neck Multicolor T-Shirt,Very bad fitting
316,Male,T-shirt,1399,TOMMY HILFIGER ,Striped Men Round Neck Multicolor T-Shirt,Good h
317,Male,T-shirt,1399,TOMMY HILFIGER ,Striped Men Round Neck Multicolor T-Shirt,Not up to the mark product...quality of T-shirt is too bad...T-shirt delivered to me by flipkart it's contain mud in the T-shirt ..pls do quality check..
318,Male,T-shirt,1399,TOMMY HILFIGER ,Striped Men Round Neck Multicolor T-Shirt,Very bad fitting
319,Male,T-shirt,1399,TOMMY HILFIGER ,Striped Men Round Neck Multicolor T-Shirt,nice
320,Male,T-shirt,1399,TOMMY HILFIGER ,Striped Men Round Neck Multicolor T-Shirt,osm for picnics
321,Male,T-shirt,524,JACK & JONES ,Solid Men Polo Neck Pink T-Shirt,My husband loved it
322,Male,T-shirt,524,JACK & JONES ,Solid Men Polo Neck Pink T-Shirt,After a single wash the material was getting elongated..
323,Male,T-shirt,524,JACK & JONES ,Solid Men Polo Neck Pink T-Shirt,"It's nice, I'm happy"
324,Male,T-shirt,524,JACK & JONES ,Solid Men Polo Neck Pink T-Shirt,"Not a good product at all , material is not good"
325,Male,T-shirt,524,JACK & JONES ,Solid Men Polo Neck Pink T-Shirt,Nice
326,Male,T-shirt,524,JACK & JONES ,Solid Men Polo Neck Pink T-Shirt,Good products
327,Male,T-shirt,524,JACK & JONES ,Solid Men Polo Neck Pink T-Shirt,Woo ooooh mind-blowing
328,Male,T-shirt,524,JACK & JONES ,Solid Men Polo Neck Pink T-Shirt,Good
329,Male,T-shirt,524,JACK & JONES ,Solid Men Polo Neck Pink T-Shirt,Very good fit
330,Male,T-shirt,524,JACK & JONES ,Solid Men Polo Neck Pink T-Shirt,Perfect fitting and very good product.
331,Male,T-shirt,599,JACK & JONES ,Solid Men Round Neck Black T-Shirt,Awosom product 👌👌👌
332,Male,T-shirt,599,JACK & JONES ,Solid Men Round Neck Black T-Shirt,Nice comfort
333,Male,T-shirt,599,JACK & JONES ,Solid Men Round Neck Black T-Shirt,Nice product 👌👌
334,Male,T-shirt,599,JACK & JONES ,Solid Men Round Neck Black T-Shirt,"Nice t-shirt,value for money"
335,Male,T-shirt,599,JACK & JONES ,Solid Men Round Neck Black T-Shirt,Very bad quality after wash white rases
336,Male,T-shirt,599,JACK & JONES ,Solid Men Round Neck Black T-Shirt,Good in this price 🔥
337,Male,T-shirt,599,JACK & JONES ,Solid Men Round Neck Black T-Shirt,You can buy it good item
338,Male,T-shirt,599,JACK & JONES ,Solid Men Round Neck Black T-Shirt,"Awesome, such a nice fitting..."
339,Male,T-shirt,599,JACK & JONES ,Solid Men Round Neck Black T-Shirt,Veey comfortable and nice fabric ❤
340,Male,T-shirt,599,JACK & JONES ,Solid Men Round Neck Black T-Shirt,Nice product
341,Male,T-shirt,524,JACK & JONES ,Solid Men Polo Neck Green T-Shirt,Good 👍🏻
342,Male,T-shirt,524,JACK & JONES ,Solid Men Polo Neck Green T-Shirt,Nice
343,Male,T-shirt,524,JACK & JONES ,Solid Men Polo Neck Green T-Shirt,Poor quality
344,Male,T-shirt,524,JACK & JONES ,Solid Men Polo Neck Green T-Shirt,"I m happy to bye this tshirt, & my mom and friends love it, really awsome this tshirt...."
345,Male,T-shirt,524,JACK & JONES ,Solid Men Polo Neck Green T-Shirt,Good
346,Male,T-shirt,524,JACK & JONES ,Solid Men Polo Neck Green T-Shirt,Good product tq flipkart
347,Male,T-shirt,524,JACK & JONES ,Solid Men Polo Neck Green T-Shirt,Very comfortable
348,Male,T-shirt,524,JACK & JONES ,Solid Men Polo Neck Green T-Shirt,Cloth not Good
349,Male,T-shirt,524,JACK & JONES ,Solid Men Polo Neck Green T-Shirt,Perfect product ☺️
350,Male,T-shirt,524,JACK & JONES ,Solid Men Polo Neck Green T-Shirt,Good
351,Male,T-shirt,679,JACK & JONES ,Solid Men V Neck White T-Shirt,Good quality
352,Male,T-shirt,679,JACK & JONES ,Solid Men V Neck White T-Shirt,Nice t-shirts
353,Male,T-shirt,679,JACK & JONES ,Solid Men V Neck White T-Shirt,One size over
354,Male,T-shirt,679,JACK & JONES ,Solid Men V Neck White T-Shirt,Worst product....dont watse money.
355,Male,T-shirt,679,JACK & JONES ,Solid Men V Neck White T-Shirt,Good product
356,Male,T-shirt,679,JACK & JONES ,Solid Men V Neck White T-Shirt,Good but very very thin fabric. As thin as banyan ( vest).
357,Male,T-shirt,679,JACK & JONES ,Solid Men V Neck White T-Shirt,Very good
358,Male,T-shirt,679,JACK & JONES ,Solid Men V Neck White T-Shirt,nice
359,Male,T-shirt,679,JACK & JONES ,Solid Men V Neck White T-Shirt,It was not a V Neck
360,Male,T-shirt,679,JACK & JONES ,Solid Men V Neck White T-Shirt,The product is not V neck! It's the round neck. Absolutely wrong information.
361,Male,T-shirt,569,FILA ,Printed Men Polo Neck Dark Blue T-Shirt,Good product not as expected but good u can go for it ☺️
362,Male,T-shirt,569,FILA ,Printed Men Polo Neck Dark Blue T-Shirt,Good tshirt and fine fabric
363,Male,T-shirt,569,FILA ,Printed Men Polo Neck Dark Blue T-Shirt,Nice Product I loved it 👌
364,Male,T-shirt,569,FILA ,Printed Men Polo Neck Dark Blue T-Shirt,Comfortable
365,Male,T-shirt,569,FILA ,Printed Men Polo Neck Dark Blue T-Shirt,Awesome
366,Male,T-shirt,569,FILA ,Printed Men Polo Neck Dark Blue T-Shirt,Must buy.
367,Male,T-shirt,569,FILA ,Printed Men Polo Neck Dark Blue T-Shirt,Very good quality
368,Male,T-shirt,569,FILA ,Printed Men Polo Neck Dark Blue T-Shirt,Nice product
369,Male,T-shirt,569,FILA ,Printed Men Polo Neck Dark Blue T-Shirt,It is valuable for me.
370,Male,T-shirt,479,FILA ,Printed Men Round Neck White T-Shirt,One of my favourite and amazing . Really amazing much comfortable. Feeling amazing colour
371,Male,T-shirt,479,FILA ,Printed Men Round Neck White T-Shirt,Amazing Fila sign and cloth quality is good
372,Male,T-shirt,479,FILA ,Printed Men Round Neck White T-Shirt,Nice
373,Male,T-shirt,479,FILA ,Printed Men Round Neck White T-Shirt,Wow it's so nice
374,Male,T-shirt,479,FILA ,Printed Men Round Neck White T-Shirt,Good cloth with extreme comfortable
375,Male,T-shirt,479,FILA ,Printed Men Round Neck White T-Shirt,Super
376,Male,T-shirt,479,FILA ,Printed Men Round Neck White T-Shirt,Value for money
377,Male,T-shirt,479,FILA ,Printed Men Round Neck White T-Shirt,Good quality and genuine product
378,Male,T-shirt,479,FILA ,Printed Men Round Neck White T-Shirt,Fitting and fabric both are fantastic
379,Male,T-shirt,479,FILA ,Printed Men Round Neck White T-Shirt,Excellent
380,Male,T-shirt,479,FILA ,Printed Men Round Neck White T-Shirt,Low quality fabric
381,Male,T-shirt,599,FILA ,Solid Men Polo Neck Blue T-Shirt,Just wow🥰🥰
382,Male,T-shirt,599,FILA ,Solid Men Polo Neck Blue T-Shirt,Happy
383,Male,T-shirt,599,FILA ,Solid Men Polo Neck Blue T-Shirt,Good product
384,Male,T-shirt,599,FILA ,Solid Men Polo Neck Blue T-Shirt,Perfect size. Fitting is also good. In all total its a must buy. Product. And i bought it at a very discounted prize. Excellent product 🤗🤗
385,Male,T-shirt,599,FILA ,Solid Men Polo Neck Blue T-Shirt,Worst quality
386,Male,T-shirt,599,FILA ,Solid Men Polo Neck Blue T-Shirt,Good product
387,Male,T-shirt,599,FILA ,Solid Men Polo Neck Blue T-Shirt,Good material.
388,Male,T-shirt,599,FILA ,Solid Men Polo Neck Blue T-Shirt,Not bad
389,Male,T-shirt,599,FILA ,Solid Men Polo Neck Blue T-Shirt,Perfect as expected
390,Male,T-shirt,599,FILA ,Solid Men Polo Neck Blue T-Shirt,Nice to wear
391,Male,T-shirt,575,FILA ,Printed Men Round Neck Black T-Shirt,Very nice 👍👍
392,Male,T-shirt,575,FILA ,Printed Men Round Neck Black T-Shirt,I loved the quality of the product. The stitching and fitting is fine. The cloth is comfortable. Looks nice too. Is shedding some color but as long as it doesn't turn white in a matter of months then i think it will be fine.
393,Male,T-shirt,575,FILA ,Printed Men Round Neck Black T-Shirt,Good product but very thin.
394,Male,T-shirt,575,FILA ,Printed Men Round Neck Black T-Shirt,Worst product
395,Male,T-shirt,575,FILA ,Printed Men Round Neck Black T-Shirt,Very nice 👌👌👌
396,Male,T-shirt,575,FILA ,Printed Men Round Neck Black T-Shirt,Look good
397,Male,T-shirt,575,FILA ,Printed Men Round Neck Black T-Shirt,bad cloth and fiting
398,Male,T-shirt,575,FILA ,Printed Men Round Neck Black T-Shirt,Nice 👍.....
399,Male,T-shirt,575,FILA ,Printed Men Round Neck Black T-Shirt,Super quality 😁😁😁😁
400,Male,T-shirt,599,American Crew ,Solid Men Polo Neck White T-Shirt,"Very Nice product. Perfectly fitted, nice material and color. Fast shipping by Flipkart as always. Can go for it without any doubt"
401,Male,T-shirt,599,American Crew ,Solid Men Polo Neck White T-Shirt,not worthy
402,Male,T-shirt,599,American Crew ,Solid Men Polo Neck White T-Shirt,Good product
403,Male,T-shirt,599,American Crew ,Solid Men Polo Neck White T-Shirt,Its very poor quality
404,Male,T-shirt,599,American Crew ,Solid Men Polo Neck White T-Shirt,Awesome product
405,Male,T-shirt,599,American Crew ,Solid Men Polo Neck White T-Shirt,good one
406,Male,T-shirt,599,American Crew ,Solid Men Polo Neck White T-Shirt,Poor quality
407,Male,T-shirt,599,American Crew ,Solid Men Polo Neck White T-Shirt,"Good product, quality of materials is very good"
408,Male,T-shirt,599,American Crew ,Solid Men Polo Neck White T-Shirt,Fitting it's not good .... Just ok
409,Male,T-shirt,599,American Crew ,Solid Men Polo Neck White T-Shirt,Its quality was superb
410,Male,T-shirt,599,American Crew ,Solid Men Polo Neck White T-Shirt,Good it's amazing
411,Male,T-shirt,649,American Crew ,Solid Men Polo Neck Blue T-Shirt,"Quality it's very bed here is a saying in the side and after seeing Gaya, we could have won again, we tried to fix it ourselves.???"
412,Male,T-shirt,649,American Crew ,Solid Men Polo Neck Blue T-Shirt,S size is a big
413,Male,T-shirt,649,American Crew ,Solid Men Polo Neck Blue T-Shirt,Satisfied
414,Male,T-shirt,649,American Crew ,Solid Men Polo Neck Blue T-Shirt,"Colour is little dark than the picture given, fitting quality good"
415,Male,T-shirt,649,American Crew ,Solid Men Polo Neck Blue T-Shirt,Very good product
416,Male,T-shirt,649,American Crew ,Solid Men Polo Neck Blue T-Shirt,Good material and correct fit
417,Male,T-shirt,649,American Crew ,Solid Men Polo Neck Blue T-Shirt,Very nice product
418,Male,T-shirt,649,American Crew ,Solid Men Polo Neck Blue T-Shirt,Comparatively good.
419,Male,T-shirt,649,American Crew ,Solid Men Polo Neck Blue T-Shirt,Good t shirt
420,Male,T-shirt,649,American Crew ,Solid Men Polo Neck Blue T-Shirt,poor
421,Male,T-shirt,649,American Crew ,Varsity Men Polo Neck Blue T-Shirt,Amazing super quality
422,Male,T-shirt,649,American Crew ,Varsity Men Polo Neck Blue T-Shirt,Low quality
423,Male,T-shirt,649,American Crew ,Varsity Men Polo Neck Blue T-Shirt,not bad
424,Male,T-shirt,649,American Crew ,Varsity Men Polo Neck Blue T-Shirt,Nice.. Quality was good..
425,Male,T-shirt,649,American Crew ,Varsity Men Polo Neck Blue T-Shirt,Very good quality
426,Male,T-shirt,649,American Crew ,Varsity Men Polo Neck Blue T-Shirt,Overall an okay product.
427,Male,T-shirt,649,American Crew ,Varsity Men Polo Neck Blue T-Shirt,Superb quality ..superb material use..
428,Male,T-shirt,649,American Crew ,Varsity Men Polo Neck Blue T-Shirt,Very good quality 👌
429,Male,T-shirt,649,American Crew ,Varsity Men Polo Neck Blue T-Shirt,Nice
430,Male,T-shirt,649,American Crew ,Varsity Men Polo Neck Blue T-Shirt,Best
431,Male,T-shirt,799,American Crew ,"Striped Men Polo Neck Dark Blue, White T-Shirt",Perfect fit
432,Male,T-shirt,799,American Crew ,"Striped Men Polo Neck Dark Blue, White T-Shirt",This is poor product
433,Male,T-shirt,799,American Crew ,"Striped Men Polo Neck Dark Blue, White T-Shirt",Very nice
434,Male,T-shirt,799,American Crew ,"Striped Men Polo Neck Dark Blue, White T-Shirt",Comfortable but not actual colour as shown in pic slightly light in colour
435,Male,T-shirt,799,American Crew ,"Striped Men Polo Neck Dark Blue, White T-Shirt","Other well known brands providing good fabric, good fitting, no colour fade at the same cost, American crew cheating people."
436,Male,T-shirt,799,American Crew ,"Striped Men Polo Neck Dark Blue, White T-Shirt",Very nice product
437,Male,T-shirt,799,American Crew ,"Striped Men Polo Neck Dark Blue, White T-Shirt",awesome
438,Male,T-shirt,799,American Crew ,"Striped Men Polo Neck Dark Blue, White T-Shirt",Not as per expectation.... Quite light in colour.
439,Male,T-shirt,799,American Crew ,"Striped Men Polo Neck Dark Blue, White T-Shirt",nice
440,Male,T-shirt,799,American Crew ,"Striped Men Polo Neck Dark Blue, White T-Shirt",
441,Male,T-shirt,480,HRX,Solid Men Round Neck White T-Shirt,Superb Quality 😃😃😃
442,Male,T-shirt,480,HRX,Solid Men Round Neck White T-Shirt,Poor quality fabric
443,Male,T-shirt,480,HRX,Solid Men Round Neck White T-Shirt,Good Fabric But a bit Boxy fit
444,Male,T-shirt,480,HRX,Solid Men Round Neck White T-Shirt,Back side cut of mark
445,Male,T-shirt,480,HRX,Solid Men Round Neck White T-Shirt,Not good 🤢🤢🤢
446,Male,T-shirt,480,HRX,Solid Men Round Neck White T-Shirt,I am happy
447,Male,T-shirt,480,HRX,Solid Men Round Neck White T-Shirt,Good
448,Male,T-shirt,480,HRX,Solid Men Round Neck White T-Shirt,Good for Gym n jogging
449,Male,T-shirt,480,HRX,Solid Men Round Neck White T-Shirt,I don't like the design remove at when I got.....
450,Male,T-shirt,480,HRX,Solid Men Round Neck White T-Shirt,Not fitting
451,Male,T-shirt,768,HRX,Striped Men Round Neck Blue T-Shirt,amazing❤️❤️
452,Male,T-shirt,768,HRX,Striped Men Round Neck Blue T-Shirt,Highly recommended
453,Male,T-shirt,768,HRX,Striped Men Round Neck Blue T-Shirt,"light weight, nice product quality, nice fit, overall nice experience ...go for it"
454,Male,T-shirt,768,HRX,Striped Men Round Neck Blue T-Shirt,Brand logo is not clearly visible
455,Male,T-shirt,768,HRX,Striped Men Round Neck Blue T-Shirt,Best
456,Male,T-shirt,768,HRX,Striped Men Round Neck Blue T-Shirt,Stitching isn't good
457,Male,T-shirt,768,HRX,Striped Men Round Neck Blue T-Shirt,It's good product and looking very well Only color is not attractive
458,Male,T-shirt,768,HRX,Striped Men Round Neck Blue T-Shirt,Good quality & fabric quality is very good
459,Male,T-shirt,768,HRX,Striped Men Round Neck Blue T-Shirt,perfect fitting and good colour
460,Male,T-shirt,768,HRX,Striped Men Round Neck Blue T-Shirt,Front side fabric quality is very poor
461,Male,T-shirt,601,HRX,Solid Men Polo Neck Black T-Shirt,Awesome t shirt.. 😍😍😍...fabric quality z also good.. Luvd this product..
462,Male,T-shirt,601,HRX,Solid Men Polo Neck Black T-Shirt,Superb t shirt for sport men 🤞👌👌👌👌
463,Male,T-shirt,601,HRX,Solid Men Polo Neck Black T-Shirt,It's nice
464,Male,T-shirt,601,HRX,Solid Men Polo Neck Black T-Shirt,It's amazing. Must buy item
465,Male,T-shirt,601,HRX,Solid Men Polo Neck Black T-Shirt,The T Shirt synthetic is really nice when I wear I feel so comfortable I suggest to buy this only it's really nice and you May be thinking that it's synthetic is not good but it's 💯💯💯💯💯💯💯💯💯
466,Male,T-shirt,601,HRX,Solid Men Polo Neck Black T-Shirt,What a fabric nice product
467,Male,T-shirt,601,HRX,Solid Men Polo Neck Black T-Shirt,Not a wow product . It's ok quality
468,Male,T-shirt,601,HRX,Solid Men Polo Neck Black T-Shirt,Very good 😊
469,Male,T-shirt,601,HRX,Solid Men Polo Neck Black T-Shirt,Good product
470,Male,T-shirt,601,HRX,Solid Men Polo Neck Black T-Shirt,I like this quality 👍
471,Male,T-shirt,456,HRX,Solid Men Round Neck Black T-Shirt,Amazing t-shirt
472,Male,T-shirt,456,HRX,Solid Men Round Neck Black T-Shirt,Amazing product
473,Male,T-shirt,456,HRX,Solid Men Round Neck Black T-Shirt,Good product 👍
474,Male,T-shirt,456,HRX,Solid Men Round Neck Black T-Shirt,It's very good in this price range
475,Male,T-shirt,456,HRX,Solid Men Round Neck Black T-Shirt,Nice product...awesome quality 👌
476,Male,T-shirt,456,HRX,Solid Men Round Neck Black T-Shirt,Very good product
477,Male,T-shirt,456,HRX,Solid Men Round Neck Black T-Shirt,Fantastic tees for gym and running purpose.♥️🌄🎉
478,Male,T-shirt,456,HRX,Solid Men Round Neck Black T-Shirt,Very nice. I liked it.
479,Male,T-shirt,456,HRX,Solid Men Round Neck Black T-Shirt,Not as quality as I thought
480,Male,T-shirt,456,HRX,Solid Men Round Neck Black T-Shirt,Awesome product..its fabulous..t-shirt is about less than 100 gm..very light weight..fitted and good fabric..I recommend you to buy it..😊
481,Male,Shirt,674,VAN HEUSEN SPORT ,Men Slim Fit Solid Casual Shirt,Fabric is not good ...it doesn't looks like cotton
482,Male,Shirt,674,VAN HEUSEN SPORT ,Men Slim Fit Solid Casual Shirt,It's made by poplin fabric. It's not comfortable.
483,Male,Shirt,674,VAN HEUSEN SPORT ,Men Slim Fit Solid Casual Shirt,Quality is not good
484,Male,Shirt,674,VAN HEUSEN SPORT ,Men Slim Fit Solid Casual Shirt,Nice shirt
485,Male,Shirt,674,VAN HEUSEN SPORT ,Men Slim Fit Solid Casual Shirt,Good product but take a small size it's not slim fit
486,Male,Shirt,674,VAN HEUSEN SPORT ,Men Slim Fit Solid Casual Shirt,Nice material
487,Male,Shirt,674,VAN HEUSEN SPORT ,Men Slim Fit Solid Casual Shirt,Very nice fabric and fitting
488,Male,Shirt,674,VAN HEUSEN SPORT ,Men Slim Fit Solid Casual Shirt,A good product.
489,Male,Shirt,674,VAN HEUSEN SPORT ,Men Slim Fit Solid Casual Shirt,Product are good but not received same design product as I ordered colour colour are changed
490,Male,Shirt,674,VAN HEUSEN SPORT ,Men Slim Fit Solid Casual Shirt,Good product at reasonable price...
491,Male,Shirt,824,VAN HEUSEN SPORT ,Men Slim Fit Solid Casual Shirt,Very Very Good shirt. Bought it at Rs 474 during BBD.
492,Male,Shirt,824,VAN HEUSEN SPORT ,Men Slim Fit Solid Casual Shirt,"Good but,it is not fully black color."
493,Male,Shirt,824,VAN HEUSEN SPORT ,Men Slim Fit Solid Casual Shirt,"Beautiful product, Fabrics and fittings is perfect and price is worth it"
494,Male,Shirt,824,VAN HEUSEN SPORT ,Men Slim Fit Solid Casual Shirt,Very good product
495,Male,Shirt,824,VAN HEUSEN SPORT ,Men Slim Fit Solid Casual Shirt,Awesome
496,Male,Shirt,824,VAN HEUSEN SPORT ,Men Slim Fit Solid Casual Shirt,Very comfortable loved it
497,Male,Shirt,824,VAN HEUSEN SPORT ,Men Slim Fit Solid Casual Shirt,Good quality 👍👍
498,Male,Shirt,824,VAN HEUSEN SPORT ,Men Slim Fit Solid Casual Shirt,Very nice product 👌👌
499,Male,Shirt,824,VAN HEUSEN SPORT ,Men Slim Fit Solid Casual Shirt,"Packaging very much poor and quality ok ok type, not recommended"
500,Male,Shirt,824,VAN HEUSEN SPORT ,Men Slim Fit Solid Casual Shirt,Nice
501,Male,Shirt,674,VAN HEUSEN SPORT ,Men Slim Fit Solid Casual Shirt,Nice shirt
502,Male,Shirt,674,VAN HEUSEN SPORT ,Men Slim Fit Solid Casual Shirt,"Just received it , love the product. Everyone liking it's colour and it's perfect for me"
503,Male,Shirt,674,VAN HEUSEN SPORT ,Men Slim Fit Solid Casual Shirt,Awesome fitting with cloth
504,Male,Shirt,674,VAN HEUSEN SPORT ,Men Slim Fit Solid Casual Shirt,Fabric is good...worth of buying
505,Male,Shirt,674,VAN HEUSEN SPORT ,Men Slim Fit Solid Casual Shirt,Feel good
506,Male,Shirt,674,VAN HEUSEN SPORT ,Men Slim Fit Solid Casual Shirt,Poor quality
507,Male,Shirt,674,VAN HEUSEN SPORT ,Men Slim Fit Solid Casual Shirt,It's not pure cotton.
508,Male,Shirt,674,VAN HEUSEN SPORT ,Men Slim Fit Solid Casual Shirt,High quality and good looking
509,Male,Shirt,674,VAN HEUSEN SPORT ,Men Slim Fit Solid Casual Shirt,Quality of clothe is very very nice 👍🙂
510,Male,Shirt,674,VAN HEUSEN SPORT ,Men Slim Fit Solid Casual Shirt,Very nice very good quality
511,Male,Shirt,764,VAN HEUSEN SPORT ,Men Slim Fit Striped Casual Shirt,Good product bt size big
512,Male,Shirt,764,VAN HEUSEN SPORT ,Men Slim Fit Striped Casual Shirt,Fabric poor
513,Male,Shirt,764,VAN HEUSEN SPORT ,Men Slim Fit Striped Casual Shirt,Fit inappropriate
514,Male,Shirt,764,VAN HEUSEN SPORT ,Men Slim Fit Striped Casual Shirt,Nice
515,Male,Shirt,764,VAN HEUSEN SPORT ,Men Slim Fit Striped Casual Shirt,A bit longer in length. Fabric is good.
516,Male,Shirt,764,VAN HEUSEN SPORT ,Men Slim Fit Striped Casual Shirt,Superb shirt
517,Male,Shirt,764,VAN HEUSEN SPORT ,Men Slim Fit Striped Casual Shirt,"Best cotton, best material and must buy"
518,Male,Shirt,764,VAN HEUSEN SPORT ,Men Slim Fit Striped Casual Shirt,Nice
519,Male,Shirt,764,VAN HEUSEN SPORT ,Men Slim Fit Striped Casual Shirt,Superb
520,Male,Shirt,764,VAN HEUSEN SPORT ,Men Slim Fit Striped Casual Shirt,everyone complimented ❤️❤️
521,Male,Shirt,1499,Van Heusen,Van Heusen Men's Solid Slim fit Formal Shirt,I am using Van Hessen for long time. But this time the quality of material not good and worthy. High price and law quality.
522,Male,Shirt,1499,Van Heusen,Van Heusen Men's Solid Slim fit Formal Shirt,Good quality little big size
523,Male,Shirt,1499,Van Heusen,Van Heusen Men's Solid Slim fit Formal Shirt,VFM purchase. fit & material is good. will try to update the photo.
524,Male,Shirt,1499,Van Heusen,Van Heusen Men's Solid Slim fit Formal Shirt,excellent product in this price range
525,Male,Shirt,1499,Van Heusen,Van Heusen Men's Solid Slim fit Formal Shirt,Nice shirt nd looks gud
526,Male,Shirt,1499,Van Heusen,Van Heusen Men's Solid Slim fit Formal Shirt,Slightly loose
527,Male,Shirt,1499,Van Heusen,Van Heusen Men's Solid Slim fit Formal Shirt,Excellent
528,Male,Shirt,1499,Van Heusen,Van Heusen Men's Solid Slim fit Formal Shirt,Display color and product is different from actual delivered.
529,Male,Shirt,1499,Van Heusen,Van Heusen Men's Solid Slim fit Formal Shirt,"Awesome colour, light tone, professional look"
530,Male,Shirt,1499,Van Heusen,Van Heusen Men's Solid Slim fit Formal Shirt,good
531,Male,Shirt,1098,Van Heusen,Van Heusen Men's Printed Slim Fit Formal Shirt, Must buy
532,Male,Shirt,1098,Van Heusen,Van Heusen Men's Printed Slim Fit Formal Shirt,Perfection 👍 My dad loves this one..!! Best quality ❤️
533,Male,Shirt,1098,Van Heusen,Van Heusen Men's Printed Slim Fit Formal Shirt,Very poor quality
534,Male,Shirt,1098,Van Heusen,Van Heusen Men's Printed Slim Fit Formal Shirt,It feels good to wear.
535,Male,Shirt,1098,Van Heusen,Van Heusen Men's Printed Slim Fit Formal Shirt,Go for it undoubtly
536,Male,Shirt,1098,Van Heusen,Van Heusen Men's Printed Slim Fit Formal Shirt,Good
537,Male,Shirt,1098,Van Heusen,Van Heusen Men's Printed Slim Fit Formal Shirt,Love the fit and fabric
538,Male,Shirt,1098,Van Heusen,Van Heusen Men's Printed Slim Fit Formal Shirt,Nice fit and stuff is comfortable
539,Male,Shirt,1098,Van Heusen,Van Heusen Men's Printed Slim Fit Formal Shirt,value for money
540,Male,Shirt,1098,Van Heusen,Van Heusen Men's Printed Slim Fit Formal Shirt,Very nice as per the brand image
541,Male,Shirt,1491,Van Heusen,Van Heusen Men's Checkered Slim Fit Formal Shirt,"Not a slim fit shirt, however quality wise it is good"
542,Male,Shirt,1491,Van Heusen,Van Heusen Men's Checkered Slim Fit Formal Shirt,Quality is just ok and shirt’s colour is different than appearing online.
543,Male,Shirt,1491,Van Heusen,Van Heusen Men's Checkered Slim Fit Formal Shirt,Product is Good and fit as expected.
544,Male,Shirt,1491,Van Heusen,Van Heusen Men's Checkered Slim Fit Formal Shirt,Shirt was little bit large. Quality is ok I wont say either gud or bad pretty ok
545,Male,Shirt,1491,Van Heusen,Van Heusen Men's Checkered Slim Fit Formal Shirt,"Colour totally different than the ordered one. Though it was retained back, but colour is totally different. How come it can be so different??"
546,Male,Shirt,1491,Van Heusen,Van Heusen Men's Checkered Slim Fit Formal Shirt,comfortable and classic design
547,Male,Shirt,1491,Van Heusen,Van Heusen Men's Checkered Slim Fit Formal Shirt,The shirt I received is good but it is completely different from the image. Same thing I have seen in other reviews also.
548,Male,Shirt,1491,Van Heusen,Van Heusen Men's Checkered Slim Fit Formal Shirt,Too good fit... Arm.length good
549,Male,Shirt,1491,Van Heusen,Van Heusen Men's Checkered Slim Fit Formal Shirt,Love this one.
550,Male,Shirt,1491,Van Heusen,Van Heusen Men's Checkered Slim Fit Formal Shirt,Quality of cloth is not good. Cheap material. It is made of polyester. Didn't expect from Van Huesen.
551,Male,Shirt,710,Van Heusen,Van Heusen Men's Solid Slim Fit Formal Shirt,"I am very happy of this product, good material and quality, colour etc as per product show in Amazon. Very nice fitting. Suggest u can buy as per ur size."
552,Male,Shirt,710,Van Heusen,Van Heusen Men's Solid Slim Fit Formal Shirt,Worst purchase... A pale blue coloured shirt was delivered instead of the colour shown in the demo. Never expected such things from Amazon..
553,Male,Shirt,710,Van Heusen,Van Heusen Men's Solid Slim Fit Formal Shirt,Fabric is good and fitting is also comfortable.
554,Male,Shirt,710,Van Heusen,Van Heusen Men's Solid Slim Fit Formal Shirt,Had ordered Light green and received blue. But needed in emergency so kept it. Hence 3 stars.
555,Male,Shirt,710,Van Heusen,Van Heusen Men's Solid Slim Fit Formal Shirt,Pathetic!. That is the least derogatory word that i can think of..There was a hole in the collar. The product was poorly packed. Don't purchase this product. It is fake Van Heusen.
556,Male,Shirt,710,Van Heusen,Van Heusen Men's Solid Slim Fit Formal Shirt,"The quality of fabric is too good. If you go to any retail store, this shirt would command twice the price."
557,Male,Shirt,710,Van Heusen,Van Heusen Men's Solid Slim Fit Formal Shirt,"Colour not same, pic shows pista colour but got light sky blue, disappointed"
558,Male,Shirt,710,Van Heusen,Van Heusen Men's Solid Slim Fit Formal Shirt,A different colour than what is shown. It received a shade of blue while the picture shows a shade of green.
559,Male,Shirt,710,Van Heusen,Van Heusen Men's Solid Slim Fit Formal Shirt,"Colour not same, pic shows pista colour but got light sky blue, disappointed"
560,Male,Shirt,710,Van Heusen,Van Heusen Men's Solid Slim Fit Formal Shirt,"The quality of fabric is too good. If you go to any retail store, this shirt would command twice the price."
561,Male,Shirt,1399,Roadster ,Men Regular Fit Checkered Spread Collar Casual Shirt,Nice one
562,Male,Shirt,1399,Roadster ,Men Regular Fit Checkered Spread Collar Casual Shirt,"Little light colour , then what is in images , but very nice shirt"
563,Male,Shirt,1399,Roadster ,Men Regular Fit Checkered Spread Collar Casual Shirt,Good product.
564,Male,Shirt,1399,Roadster ,Men Regular Fit Checkered Spread Collar Casual Shirt,Need a small size
565,Male,Shirt,1399,Roadster ,Men Regular Fit Checkered Spread Collar Casual Shirt,Excellent quality
566,Male,Shirt,1399,Roadster ,Men Regular Fit Checkered Spread Collar Casual Shirt,Looking very old
567,Male,Shirt,1399,Roadster ,Men Regular Fit Checkered Spread Collar Casual Shirt,Product quality poor
568,Male,Shirt,1399,Roadster ,Men Regular Fit Checkered Spread Collar Casual Shirt,Colour light hai otherwise quility is good
569,Male,Shirt,1399,Roadster ,Men Regular Fit Checkered Spread Collar Casual Shirt,Bad quality
570,Male,Shirt,1399,Roadster ,Men Regular Fit Checkered Spread Collar Casual Shirt,Product quality poor
571,Male,Shirt,686,Roadster ,Men Regular Fit Checkered Casual Shirt,"It's awesome, color is same as it is shown in image, comfortable and 100℅cotton"
572,Male,Shirt,686,Roadster ,Men Regular Fit Checkered Casual Shirt,Looks good..... geniune product from ROADSTER
573,Male,Shirt,686,Roadster ,Men Regular Fit Checkered Casual Shirt,Good one worthy
574,Male,Shirt,686,Roadster ,Men Regular Fit Checkered Casual Shirt,One of great product
575,Male,Shirt,686,Roadster ,Men Regular Fit Checkered Casual Shirt,Good job
576,Male,Shirt,686,Roadster ,Men Regular Fit Checkered Casual Shirt,Great but color become fade after wash
577,Male,Shirt,686,Roadster ,Men Regular Fit Checkered Casual Shirt,AWESOME
578,Male,Shirt,686,Roadster ,Men Regular Fit Checkered Casual Shirt,Classic item I am fully satisfied
579,Male,Shirt,686,Roadster ,Men Regular Fit Checkered Casual Shirt,Awsm product thank you flipkart
580,Male,Shirt,686,Roadster ,Men Regular Fit Checkered Casual Shirt,Very comfortable and reasonable price
581,Male,Shirt,799,Roadster ,Men Regular Fit Checkered Casual Shirt,"VERY GOOD QUALITY, COMFORTABLE, FABRIC IS ALSO GOOD, FINAL WORDS, VALUE FOR MONEY."
582,Male,Shirt,799,Roadster ,Men Regular Fit Checkered Casual Shirt,Super
583,Male,Shirt,799,Roadster ,Men Regular Fit Checkered Casual Shirt,Love this one ❤
584,Male,Shirt,799,Roadster ,Men Regular Fit Checkered Casual Shirt,Good shirt
585,Male,Shirt,799,Roadster ,Men Regular Fit Checkered Casual Shirt,"It was good product, quality of the stich and material was amazing, only thing i felt is that side fit was not proper, other than its worth the money spend."
586,Male,Shirt,799,Roadster ,Men Regular Fit Checkered Casual Shirt,Nice one
587,Male,Shirt,799,Roadster ,Men Regular Fit Checkered Casual Shirt,Product is very good worth 4 🌟
588,Male,Shirt,799,Roadster ,Men Regular Fit Checkered Casual Shirt,Just great product don't think just go for it 👍🏻 shirt is exactly the same as it is showing here ... Lookwise amazing 😍 & shirt quality is also veryyy good 👍🏻
589,Male,Shirt,799,Roadster ,Men Regular Fit Checkered Casual Shirt,Very comfortable. Good meterial and good stiching
590,Male,Shirt,799,Roadster ,Men Regular Fit Checkered Casual Shirt,VERY NICE
591,Male,Shirt,,Roadster ,Men Regular Fit Checkered Casual Shirt,
592,Male,Shirt,,Roadster ,Men Regular Fit Checkered Casual Shirt,
593,Male,Shirt,,Roadster ,Men Regular Fit Checkered Casual Shirt,
594,Male,Shirt,,Roadster ,Men Regular Fit Checkered Casual Shirt,
595,Male,Shirt,,Roadster ,Men Regular Fit Checkered Casual Shirt,
596,Male,Shirt,,Roadster ,Men Regular Fit Checkered Casual Shirt,
597,Male,Shirt,,Roadster ,Men Regular Fit Checkered Casual Shirt,
598,Male,Shirt,,Roadster ,Men Regular Fit Checkered Casual Shirt,
599,Male,Shirt,,Roadster ,Men Regular Fit Checkered Casual Shirt,
600,Male,Shirt,,,,
601,Male,Shirt,,,,
602,Male,Shirt,,,,
603,Male,Shirt,,,,
604,Male,Shirt,,,,
605,Male,Shirt,,,,
606,Male,Shirt,,,,
607,Male,Shirt,,,,
608,Male,Shirt,,,,
609,Male,Shirt,,,,
610,Male,Shirt,,,,
611,Male,Shirt,,,,
612,Male,Shirt,,,,
613,Male,Shirt,,,,
614,Male,Shirt,,,,
615,Male,Shirt,,,,
616,Male,Shirt,,,,
617,Male,Shirt,,,,
618,Male,Shirt,,,,
619,Male,Shirt,,,,
620,Male,Shirt,,,,
621,Male,Shirt,,,,
622,Male,Shirt,,,,
623,Male,Shirt,,,,
624,Male,Shirt,,,,
625,Male,Shirt,,,,
626,Male,Shirt,,,,
627,Male,Shirt,,,,
628,Male,Shirt,,,,
629,Male,Shirt,,,,
630,Male,Shirt,,,,
631,Male,Shirt,,,,
632,Male,Shirt,,,,
633,Male,Shirt,,,,
634,Male,Shirt,,,,
635,Male,Shirt,,,,
636,Male,Shirt,,,,
637,Male,Shirt,,,,
638,Male,Shirt,,,,
639,Male,Shirt,,,,
640,Male,Shirt,,,,
641,Male,Shirt,,,,
642,Male,Shirt,,,,
643,Male,Shirt,,,,
644,Male,Shirt,,,,
645,Male,Shirt,,,,
646,Male,Shirt,,,,
647,Male,Shirt,,,,
648,Male,Shirt,,,,
649,Male,Shirt,,,,
650,Male,Shirt,,,,
651,Male,Shirt,,,,
652,Male,Shirt,,,,
653,Male,Shirt,,,,
654,Male,Shirt,,,,
655,Male,Shirt,,,,
656,Male,Shirt,,,,
657,Male,Shirt,,,,
658,Male,Shirt,,,,
659,Male,Shirt,,,,
660,Male,Shirt,,,,
661,Male,Shirt,,,,
662,Male,Shirt,,,,
663,Male,Shirt,,,,
664,Male,Shirt,,,,
665,Male,Shirt,,,,
666,Male,Shirt,,,,
667,Male,Shirt,,,,
668,Male,Shirt,,,,
669,Male,Shirt,,,,
670,Male,Shirt,,,,
671,Male,Shirt,,,,
672,Male,Shirt,,,,
673,Male,Shirt,,,,
674,Male,Shirt,,,,
675,Male,Shirt,,,,
676,Male,Shirt,,,,
677,Male,Shirt,,,,
678,Male,Shirt,,,,
679,Male,Shirt,,,,
680,Male,Shirt,,,,
681,Male,Shirt,,,,
682,Male,Shirt,,,,
683,Male,Shirt,,,,
684,Male,Shirt,,,,
685,Male,Shirt,,,,
686,Male,Shirt,,,,
687,Male,Shirt,,,,
688,Male,Shirt,,,,
689,Male,Shirt,,,,
690,Male,Shirt,,,,
691,Male,Shirt,,,,
692,Male,Shirt,,,,
693,Male,Shirt,,,,
694,Male,Shirt,,,,
695,Male,Shirt,,,,
696,Male,Shirt,,,,
697,Male,Shirt,,,,
698,Male,Shirt,,,,
699,Male,Shirt,,,,
700,Male,Shirt,,,,
701,Male,Shirt,,,,
702,Male,Shirt,,,,
703,Male,Shirt,,,,
704,Male,Shirt,,,,
705,Male,Shirt,,,,
706,Male,Shirt,,,,
707,Male,Shirt,,,,
708,Male,Shirt,,,,
709,Male,Shirt,,,,
710,Male,Shirt,,,,
711,Male,Shirt,,,,
712,Male,Shirt,,,,
713,Male,Shirt,,,,
714,Male,Shirt,,,,
715,Male,Shirt,,,,
716,Male,Shirt,,,,
717,Male,Shirt,,,,
718,Male,Shirt,,,,
719,Male,Shirt,,,,
720,Male,Shirt,,,,
721,Male,Shirt,,,,
722,Male,Shirt,,,,
723,Male,Shirt,,,,
724,Male,Shirt,,,,
725,Male,Shirt,,,,
726,Male,Shirt,,,,
727,Male,Shirt,,,,
728,Male,Shirt,,,,
729,Male,Shirt,,,,
730,Male,Shirt,,,,
731,Male,Shirt,,,,
732,Male,Shirt,,,,
733,Male,Shirt,,,,
734,Male,Shirt,,,,
735,Male,Shirt,,,,
736,Male,Shirt,,,,
737,Male,Shirt,,,,
738,Male,Shirt,,,,
739,Male,Shirt,,,,
740,Male,Shirt,,,,
741,Male,Shirt,,,,
742,Male,Shirt,,,,
743,Male,Shirt,,,,
744,Male,Shirt,,,,
745,Male,Shirt,,,,
746,Male,Shirt,,,,
747,Male,Shirt,,,,
748,Male,Shirt,,,,
749,Male,Shirt,,,,
750,Male,Shirt,,,,
751,Male,Shirt,,,,
752,Male,Shirt,,,,
753,Male,Shirt,,,,
754,Male,Shirt,,,,
755,Male,Shirt,,,,
756,Male,Shirt,,,,
757,Male,Shirt,,,,
758,Male,Shirt,,,,
759,Male,Shirt,,,,
760,Male,Shirt,,,,
761,Male,Shirt,,,,
762,Male,Shirt,,,,
763,Male,Shirt,,,,
764,Male,Shirt,,,,
765,Male,Shirt,,,,
766,Male,Shirt,,,,
767,Male,Shirt,,,,
768,Male,Shirt,,,,
769,Male,Shirt,,,,
770,Male,Shirt,,,,
771,Male,Shirt,,,,
772,Male,Shirt,,,,
773,Male,Shirt,,,,
774,Male,Shirt,,,,
775,Male,Shirt,,,,
776,Male,Shirt,,,,
777,Male,Shirt,,,,
778,Male,Shirt,,,,
779,Male,Shirt,,,,
780,Male,Shirt,,,,
781,Male,Shirt,,,,
782,Male,Shirt,,,,
783,Male,Shirt,,,,
784,Male,Shirt,,,,
785,Male,Shirt,,,,
786,Male,Shirt,,,,
787,Male,Shirt,,,,
788,Male,Shirt,,,,
789,Male,Shirt,,,,
790,Male,Shirt,,,,
791,Male,Shirt,,,,
792,Male,Shirt,,,,
793,Male,Shirt,,,,
794,Male,Shirt,,,,
795,Male,Shirt,,,,
796,Male,Shirt,,,,
797,Male,Shirt,,,,
798,Male,Shirt,,,,
799,Male,Shirt,,,,
800,Male,Shirt,,,,
801,Male,Shirt,,,,
802,Male,Shirt,,,,
803,Male,Shirt,,,,
804,Male,Shirt,,,,
805,Male,Shirt,,,,
806,Male,Shirt,,,,
807,Male,Shirt,,,,
808,Male,Shirt,,,,
809,Male,Shirt,,,,
810,Male,Shirt,,,,
811,Male,Shirt,,,,
812,Male,Shirt,,,,
813,Male,Shirt,,,,
814,Male,Shirt,,,,
815,Male,Shirt,,,,
816,Male,Shirt,,,,
817,Male,Shirt,,,,
818,Male,Shirt,,,,
819,Male,Shirt,,,,
820,Male,Shirt,,,,
821,Male,Shirt,,,,
822,Male,Shirt,,,,
823,Male,Shirt,,,,
824,Male,Shirt,,,,
825,Male,Shirt,,,,
826,Male,Shirt,,,,
827,Male,Shirt,,,,
828,Male,Shirt,,,,
829,Male,Shirt,,,,
830,Male,Shirt,,,,
831,Male,Shirt,,,,
832,Male,Shirt,,,,
833,Male,Shirt,,,,
834,Male,Shirt,,,,
835,Male,Shirt,,,,
836,Male,Shirt,,,,
837,Male,Shirt,,,,
838,Male,Shirt,,,,
839,Male,Shirt,,,,
840,Male,Shirt,,,,
841,Male,Shirt,,,,
842,Male,Shirt,,,,
843,Male,Shirt,,,,
844,Male,Shirt,,,,
845,Male,Shirt,,,,
846,Male,Shirt,,,,
847,Male,Shirt,,,,
848,Male,Shirt,,,,
849,Male,Shirt,,,,
850,Male,Shirt,,,,
851,Male,Shirt,,,,
852,Male,Shirt,,,,
853,Male,Shirt,,,,
854,Male,Shirt,,,,
855,Male,Shirt,,,,
856,Male,Shirt,,,,
857,Male,Shirt,,,,
858,Male,Shirt,,,,
859,Male,Shirt,,,,
860,Male,Shirt,,,,
861,Male,Shirt,,,,
862,Male,Shirt,,,,
863,Male,Shirt,,,,
864,Male,Shirt,,,,
865,Male,Shirt,,,,
866,Male,Shirt,,,,
867,Male,Shirt,,,,
868,Male,Shirt,,,,
869,Male,Shirt,,,,
870,Male,Shirt,,,,
871,Male,Shirt,,,,
872,Male,Shirt,,,,
873,Male,Shirt,,,,
874,Male,Shirt,,,,
875,Male,Shirt,,,,
876,Male,Shirt,,,,
877,Male,Shirt,,,,
878,Male,Shirt,,,,
879,Male,Shirt,,,,
880,Male,Shirt,,,,
881,Male,Shirt,,,,
882,Male,Shirt,,,,
883,Male,Shirt,,,,
884,Male,Shirt,,,,
885,Male,Shirt,,,,
886,Male,Shirt,,,,
887,Male,Shirt,,,,
888,Male,Shirt,,,,
889,Male,Shirt,,,,
890,Male,Shirt,,,,
891,Male,Shirt,,,,
892,Male,Shirt,,,,
893,Male,Shirt,,,,
894,Male,Shirt,,,,
895,Male,Shirt,,,,
896,Male,Shirt,,,,
897,Male,Shirt,,,,
898,Male,Shirt,,,,
899,Male,Shirt,,,,
900,Male,Shirt,,,,
901,Male,Shirt,,,,
902,Male,Shirt,,,,
903,Male,Shirt,,,,
904,Male,Shirt,,,,
905,Male,Shirt,,,,
906,Male,Shirt,,,,
907,Male,Shirt,,,,
908,Male,Shirt,,,,
909,Male,Shirt,,,,
910,Male,Shirt,,,,
911,Male,Shirt,,,,
912,Male,Shirt,,,,
913,Male,Shirt,,,,
914,Male,Shirt,,,,
915,Male,Shirt,,,,
916,Male,Shirt,,,,
917,Male,Shirt,,,,
918,Male,Shirt,,,,
919,Male,Shirt,,,,
920,Male,Shirt,,,,
921,Male,Shirt,,,,
922,Male,Shirt,,,,
923,Male,Shirt,,,,
924,Male,Shirt,,,,
925,Male,Shirt,,,,
926,Male,Shirt,,,,
927,Male,Shirt,,,,
928,Male,Shirt,,,,
929,Male,Shirt,,,,
930,Male,Shirt,,,,
931,Male,Shirt,,,,
932,Male,Shirt,,,,
933,Male,Shirt,,,,
934,Male,Shirt,,,,
935,Male,Shirt,,,,
936,Male,Shirt,,,,
937,Male,Shirt,,,,
938,Male,Shirt,,,,
939,Male,Shirt,,,,
940,Male,Shirt,,,,
941,Male,Shirt,,,,
942,Male,Shirt,,,,
943,Male,Shirt,,,,
944,Male,Shirt,,,,
945,Male,Shirt,,,,
946,Male,Shirt,,,,
947,Male,Shirt,,,,
948,Male,Shirt,,,,
949,Male,Shirt,,,,
950,Male,Shirt,,,,
951,Male,Shirt,,,,
952,Male,Shirt,,,,
953,Male,Shirt,,,,
954,Male,Shirt,,,,
955,Male,Shirt,,,,
956,Male,Shirt,,,,
957,Male,Shirt,,,,
958,Male,Shirt,,,,
959,Male,Shirt,,,,
960,Male,Shirt,,,,
961,Male,Shirt,,,,
962,Male,Shirt,,,,
963,Male,Shirt,,,,
964,Male,Shirt,,,,
965,Male,Shirt,,,,
966,Male,Shirt,,,,
967,Male,Shirt,,,,
968,Male,Shirt,,,,
969,Male,Shirt,,,,
970,Male,Shirt,,,,
971,Male,Shirt,,,,
972,Male,Shirt,,,,
973,Male,Shirt,,,,
974,Male,Shirt,,,,
975,Male,Shirt,,,,
976,Male,Shirt,,,,
977,Male,Shirt,,,,
978,Male,Shirt,,,,
979,Male,Shirt,,,,
980,Male,,,,,
981,Male,,,,,
